{
  "neutral_low_volatility": {
    "ensemble": {
      "total_predictions": 408,
      "total_error_pct": 336.4213895299862,
      "total_direction_correct": 174,
      "avg_error_pct": 0.8245622292401622,
      "directional_accuracy": 42.64705882352941
    },
    "linear": {
      "total_predictions": 408,
      "total_error_pct": 304.5488736449241,
      "total_direction_correct": 203,
      "avg_error_pct": 0.7464433177571669,
      "directional_accuracy": 49.754901960784316
    },
    "polynomial": {
      "total_predictions": 408,
      "total_error_pct": 590.8274553999994,
      "total_direction_correct": 174,
      "avg_error_pct": 1.4481065083333318,
      "directional_accuracy": 42.64705882352941
    },
    "random_forest": {
      "total_predictions": 408,
      "total_error_pct": 263.78657222680187,
      "total_direction_correct": 180,
      "avg_error_pct": 0.6465357162421614,
      "directional_accuracy": 44.11764705882353
    }
  },
  "bear_low_volatility": {
    "ensemble": {
      "total_predictions": 4,
      "total_error_pct": 7.109491409644961,
      "total_direction_correct": 4,
      "avg_error_pct": 1.7773728524112402,
      "directional_accuracy": 100.0
    },
    "linear": {
      "total_predictions": 4,
      "total_error_pct": 4.3334160106758395,
      "total_direction_correct": 3,
      "avg_error_pct": 1.0833540026689599,
      "directional_accuracy": 75.0
    },
    "polynomial": {
      "total_predictions": 4,
      "total_error_pct": 19.992853108468143,
      "total_direction_correct": 4,
      "avg_error_pct": 4.998213277117036,
      "directional_accuracy": 100.0
    },
    "random_forest": {
      "total_predictions": 4,
      "total_error_pct": 4.9991546650944745,
      "total_direction_correct": 0,
      "avg_error_pct": 1.2497886662736186,
      "directional_accuracy": 0.0
    }
  },
  "bull_low_volatility": {
    "ensemble": {
      "total_predictions": 4,
      "total_error_pct": 26.52449913214216,
      "total_direction_correct": 0,
      "avg_error_pct": 6.63112478303554,
      "directional_accuracy": 0.0
    },
    "linear": {
      "total_predictions": 4,
      "total_error_pct": 21.537687906652526,
      "total_direction_correct": 0,
      "avg_error_pct": 5.384421976663131,
      "directional_accuracy": 0.0
    },
    "polynomial": {
      "total_predictions": 4,
      "total_error_pct": 51.870451017709634,
      "total_direction_correct": 0,
      "avg_error_pct": 12.967612754427408,
      "directional_accuracy": 0.0
    },
    "random_forest": {
      "total_predictions": 4,
      "total_error_pct": 6.165358472064388,
      "total_direction_correct": 4,
      "avg_error_pct": 1.541339618016097,
      "directional_accuracy": 100.0
    }
  }
}