{
  "neutral_low_volatility": {
    "ensemble": {
      "total_predictions": 252,
      "total_error_pct": 197.4687613805446,
      "total_direction_correct": 107,
      "avg_error_pct": 0.7836061959545421,
      "directional_accuracy": 42.46031746031746
    },
    "linear": {
      "total_predictions": 252,
      "total_error_pct": 180.84908949414,
      "total_direction_correct": 121,
      "avg_error_pct": 0.7176551170402381,
      "directional_accuracy": 48.01587301587302
    },
    "polynomial": {
      "total_predictions": 252,
      "total_error_pct": 367.47828328551066,
      "total_direction_correct": 111,
      "avg_error_pct": 1.4582471558948835,
      "directional_accuracy": 44.047619047619044
    },
    "random_forest": {
      "total_predictions": 252,
      "total_error_pct": 147.73325647373466,
      "total_direction_correct": 100,
      "avg_error_pct": 0.5862430812449788,
      "directional_accuracy": 39.682539682539684
    }
  }
}