{
  "neutral_low_volatility": {
    "ensemble": {
      "total_predictions": 228,
      "total_error_pct": 179.38834405271163,
      "total_direction_correct": 96,
      "avg_error_pct": 0.7867909826873317,
      "directional_accuracy": 42.10526315789473
    },
    "linear": {
      "total_predictions": 228,
      "total_error_pct": 164.14793280307907,
      "total_direction_correct": 112,
      "avg_error_pct": 0.7199470736977153,
      "directional_accuracy": 49.122807017543856
    },
    "polynomial": {
      "total_predictions": 228,
      "total_error_pct": 335.0479738017178,
      "total_direction_correct": 99,
      "avg_error_pct": 1.469508657025078,
      "directional_accuracy": 43.42105263157895
    },
    "random_forest": {
      "total_predictions": 228,
      "total_error_pct": 134.19493919452387,
      "total_direction_correct": 84,
      "avg_error_pct": 0.588574294712824,
      "directional_accuracy": 36.84210526315789
    }
  }
}