{
  "neutral_low_volatility": {
    "ensemble": {
      "total_predictions": 156,
      "total_error_pct": 94.91037050354333,
      "total_direction_correct": 64,
      "avg_error_pct": 0.6083998109201496,
      "directional_accuracy": 41.02564102564102
    },
    "linear": {
      "total_predictions": 156,
      "total_error_pct": 74.06434321642624,
      "total_direction_correct": 90,
      "avg_error_pct": 0.47477143087452717,
      "directional_accuracy": 57.692307692307686
    },
    "polynomial": {
      "total_predictions": 156,
      "total_error_pct": 220.2874930259011,
      "total_direction_correct": 63,
      "avg_error_pct": 1.412099314268597,
      "directional_accuracy": 40.38461538461539
    },
    "random_forest": {
      "total_predictions": 156,
      "total_error_pct": 63.33734991914056,
      "total_direction_correct": 52,
      "avg_error_pct": 0.4060086533278241,
      "directional_accuracy": 33.33333333333333
    }
  }
}