{
  "neutral_low_volatility": {
    "ensemble": {
      "total_predictions": 272,
      "total_error_pct": 208.81397577870803,
      "total_direction_correct": 116,
      "avg_error_pct": 0.7676984403628971,
      "directional_accuracy": 42.64705882352941
    },
    "linear": {
      "total_predictions": 272,
      "total_error_pct": 192.1863943347586,
      "total_direction_correct": 127,
      "avg_error_pct": 0.7065676262307301,
      "directional_accuracy": 46.69117647058824
    },
    "polynomial": {
      "total_predictions": 272,
      "total_error_pct": 390.105882585857,
      "total_direction_correct": 120,
      "avg_error_pct": 1.4342128036244741,
      "directional_accuracy": 44.11764705882353
    },
    "random_forest": {
      "total_predictions": 272,
      "total_error_pct": 153.6375392840629,
      "total_direction_correct": 116,
      "avg_error_pct": 0.5648438944267019,
      "directional_accuracy": 42.64705882352941
    }
  }
}