{
  "neutral_low_volatility": {
    "ensemble": {
      "total_predictions": 100,
      "total_error_pct": 75.68954641082348,
      "total_direction_correct": 23,
      "avg_error_pct": 0.7568954641082348,
      "directional_accuracy": 23.0
    },
    "linear": {
      "total_predictions": 100,
      "total_error_pct": 55.994318174909225,
      "total_direction_correct": 50,
      "avg_error_pct": 0.5599431817490923,
      "directional_accuracy": 50.0
    },
    "polynomial": {
      "total_predictions": 100,
      "total_error_pct": 186.04741555899156,
      "total_direction_correct": 21,
      "avg_error_pct": 1.8604741555899156,
      "directional_accuracy": 21.0
    },
    "random_forest": {
      "total_predictions": 100,
      "total_error_pct": 42.46462939817274,
      "total_direction_correct": 28,
      "avg_error_pct": 0.4246462939817274,
      "directional_accuracy": 28.000000000000004
    }
  }
}