{
  "neutral_low_volatility": {
    "ensemble": {
      "total_predictions": 336,
      "total_error_pct": 252.27401675082226,
      "total_direction_correct": 139,
      "avg_error_pct": 0.7508155260441138,
      "directional_accuracy": 41.36904761904761
    },
    "linear": {
      "total_predictions": 336,
      "total_error_pct": 236.83583662658168,
      "total_direction_correct": 156,
      "avg_error_pct": 0.704868561388636,
      "directional_accuracy": 46.42857142857143
    },
    "polynomial": {
      "total_predictions": 336,
      "total_error_pct": 446.01735209900556,
      "total_direction_correct": 147,
      "avg_error_pct": 1.3274325955327546,
      "directional_accuracy": 43.75
    },
    "random_forest": {
      "total_predictions": 336,
      "total_error_pct": 194.49248986192052,
      "total_direction_correct": 132,
      "avg_error_pct": 0.5788466960176206,
      "directional_accuracy": 39.285714285714285
    }
  },
  "bear_low_volatility": {
    "ensemble": {
      "total_predictions": 4,
      "total_error_pct": 7.109491409644961,
      "total_direction_correct": 4,
      "avg_error_pct": 1.7773728524112402,
      "directional_accuracy": 100.0
    },
    "linear": {
      "total_predictions": 4,
      "total_error_pct": 4.3334160106758395,
      "total_direction_correct": 3,
      "avg_error_pct": 1.0833540026689599,
      "directional_accuracy": 75.0
    },
    "polynomial": {
      "total_predictions": 4,
      "total_error_pct": 19.992853108468143,
      "total_direction_correct": 4,
      "avg_error_pct": 4.998213277117036,
      "directional_accuracy": 100.0
    },
    "random_forest": {
      "total_predictions": 4,
      "total_error_pct": 4.9991546650944745,
      "total_direction_correct": 0,
      "avg_error_pct": 1.2497886662736186,
      "directional_accuracy": 0.0
    }
  }
}