{
  "neutral_low_volatility": {
    "ensemble": {
      "total_predictions": 192,
      "total_error_pct": 133.96178568803842,
      "total_direction_correct": 82,
      "avg_error_pct": 0.6977176337918668,
      "directional_accuracy": 42.70833333333333
    },
    "linear": {
      "total_predictions": 192,
      "total_error_pct": 116.57600117474257,
      "total_direction_correct": 100,
      "avg_error_pct": 0.6071666727851176,
      "directional_accuracy": 52.083333333333336
    },
    "polynomial": {
      "total_predictions": 192,
      "total_error_pct": 275.89163935598816,
      "total_direction_correct": 83,
      "avg_error_pct": 1.4369356216457716,
      "directional_accuracy": 43.22916666666667
    },
    "random_forest": {
      "total_predictions": 192,
      "total_error_pct": 97.34110043954367,
      "total_direction_correct": 72,
      "avg_error_pct": 0.5069848981226233,
      "directional_accuracy": 37.5
    }
  }
}