{
  "neutral_low_volatility": {
    "ensemble": {
      "total_predictions": 356,
      "total_error_pct": 286.4138179584725,
      "total_direction_correct": 147,
      "avg_error_pct": 0.8045331965125633,
      "directional_accuracy": 41.29213483146067
    },
    "linear": {
      "total_predictions": 356,
      "total_error_pct": 264.1674648028349,
      "total_direction_correct": 167,
      "avg_error_pct": 0.7420434404574014,
      "directional_accuracy": 46.91011235955056
    },
    "polynomial": {
      "total_predictions": 356,
      "total_error_pct": 499.7493148285376,
      "total_direction_correct": 153,
      "avg_error_pct": 1.4037902101925213,
      "directional_accuracy": 42.97752808988764
    },
    "random_forest": {
      "total_predictions": 356,
      "total_error_pct": 224.37497137818823,
      "total_direction_correct": 140,
      "avg_error_pct": 0.6302667735342367,
      "directional_accuracy": 39.325842696629216
    }
  },
  "bear_low_volatility": {
    "ensemble": {
      "total_predictions": 4,
      "total_error_pct": 7.109491409644961,
      "total_direction_correct": 4,
      "avg_error_pct": 1.7773728524112402,
      "directional_accuracy": 100.0
    },
    "linear": {
      "total_predictions": 4,
      "total_error_pct": 4.3334160106758395,
      "total_direction_correct": 3,
      "avg_error_pct": 1.0833540026689599,
      "directional_accuracy": 75.0
    },
    "polynomial": {
      "total_predictions": 4,
      "total_error_pct": 19.992853108468143,
      "total_direction_correct": 4,
      "avg_error_pct": 4.998213277117036,
      "directional_accuracy": 100.0
    },
    "random_forest": {
      "total_predictions": 4,
      "total_error_pct": 4.9991546650944745,
      "total_direction_correct": 0,
      "avg_error_pct": 1.2497886662736186,
      "directional_accuracy": 0.0
    }
  }
}