{
  "neutral_low_volatility": {
    "ensemble": {
      "total_predictions": 284,
      "total_error_pct": 213.86293853986174,
      "total_direction_correct": 120,
      "avg_error_pct": 0.7530385159854287,
      "directional_accuracy": 42.25352112676056
    },
    "linear": {
      "total_predictions": 284,
      "total_error_pct": 197.39576381546698,
      "total_direction_correct": 135,
      "avg_error_pct": 0.6950555063924894,
      "directional_accuracy": 47.53521126760563
    },
    "polynomial": {
      "total_predictions": 284,
      "total_error_pct": 396.81852610009724,
      "total_direction_correct": 124,
      "avg_error_pct": 1.3972483313383706,
      "directional_accuracy": 43.66197183098591
    },
    "random_forest": {
      "total_predictions": 284,
      "total_error_pct": 157.73513419898487,
      "total_direction_correct": 120,
      "avg_error_pct": 0.5554054021091016,
      "directional_accuracy": 42.25352112676056
    }
  }
}