{
  "neutral_low_volatility": {
    "ensemble": {
      "total_predictions": 76,
      "total_error_pct": 57.300552840205285,
      "total_direction_correct": 15,
      "avg_error_pct": 0.75395464263428,
      "directional_accuracy": 19.736842105263158
    },
    "linear": {
      "total_predictions": 76,
      "total_error_pct": 37.29572958743725,
      "total_direction_correct": 43,
      "avg_error_pct": 0.490733284045227,
      "directional_accuracy": 56.57894736842105
    },
    "polynomial": {
      "total_predictions": 76,
      "total_error_pct": 154.82924673456648,
      "total_direction_correct": 10,
      "avg_error_pct": 2.03722693071798,
      "directional_accuracy": 13.157894736842104
    },
    "random_forest": {
      "total_predictions": 76,
      "total_error_pct": 30.306780920714044,
      "total_direction_correct": 20,
      "avg_error_pct": 0.39877343316729,
      "directional_accuracy": 26.31578947368421
    }
  }
}