{
  "neutral_low_volatility": {
    "ensemble": {
      "total_predictions": 332,
      "total_error_pct": 243.85318562289774,
      "total_direction_correct": 137,
      "avg_error_pct": 0.7344975470569209,
      "directional_accuracy": 41.265060240963855
    },
    "linear": {
      "total_predictions": 332,
      "total_error_pct": 228.8777054770618,
      "total_direction_correct": 152,
      "avg_error_pct": 0.6893906791477765,
      "directional_accuracy": 45.78313253012048
    },
    "polynomial": {
      "total_predictions": 332,
      "total_error_pct": 437.27057826130425,
      "total_direction_correct": 147,
      "avg_error_pct": 1.3170800550039286,
      "directional_accuracy": 44.27710843373494
    },
    "random_forest": {
      "total_predictions": 332,
      "total_error_pct": 185.861634040052,
      "total_direction_correct": 132,
      "avg_error_pct": 0.5598241989158192,
      "directional_accuracy": 39.75903614457831
    }
  },
  "bear_low_volatility": {
    "ensemble": {
      "total_predictions": 4,
      "total_error_pct": 7.109491409644961,
      "total_direction_correct": 4,
      "avg_error_pct": 1.7773728524112402,
      "directional_accuracy": 100.0
    },
    "linear": {
      "total_predictions": 4,
      "total_error_pct": 4.3334160106758395,
      "total_direction_correct": 3,
      "avg_error_pct": 1.0833540026689599,
      "directional_accuracy": 75.0
    },
    "polynomial": {
      "total_predictions": 4,
      "total_error_pct": 19.992853108468143,
      "total_direction_correct": 4,
      "avg_error_pct": 4.998213277117036,
      "directional_accuracy": 100.0
    },
    "random_forest": {
      "total_predictions": 4,
      "total_error_pct": 4.9991546650944745,
      "total_direction_correct": 0,
      "avg_error_pct": 1.2497886662736186,
      "directional_accuracy": 0.0
    }
  }
}