{
  "neutral_low_volatility": {
    "ensemble": {
      "total_predictions": 176,
      "total_error_pct": 108.0956369862104,
      "total_direction_correct": 71,
      "avg_error_pct": 0.6141797556034682,
      "directional_accuracy": 40.340909090909086
    },
    "linear": {
      "total_predictions": 176,
      "total_error_pct": 89.13091749369255,
      "total_direction_correct": 96,
      "avg_error_pct": 0.5064256675777986,
      "directional_accuracy": 54.54545454545454
    },
    "polynomial": {
      "total_predictions": 176,
      "total_error_pct": 242.12776718738692,
      "total_direction_correct": 71,
      "avg_error_pct": 1.3757259499283347,
      "directional_accuracy": 40.340909090909086
    },
    "random_forest": {
      "total_predictions": 176,
      "total_error_pct": 71.60340181723457,
      "total_direction_correct": 64,
      "avg_error_pct": 0.40683751032519644,
      "directional_accuracy": 36.36363636363637
    }
  }
}