{
  "neutral_low_volatility": {
    "ensemble": {
      "total_predictions": 244,
      "total_error_pct": 191.13807364875296,
      "total_direction_correct": 103,
      "avg_error_pct": 0.783352760855545,
      "directional_accuracy": 42.21311475409836
    },
    "linear": {
      "total_predictions": 244,
      "total_error_pct": 175.29610749304786,
      "total_direction_correct": 116,
      "avg_error_pct": 0.7184266700534748,
      "directional_accuracy": 47.540983606557376
    },
    "polynomial": {
      "total_predictions": 244,
      "total_error_pct": 357.86670196200896,
      "total_direction_correct": 107,
      "avg_error_pct": 1.4666668113197088,
      "directional_accuracy": 43.85245901639344
    },
    "random_forest": {
      "total_predictions": 244,
      "total_error_pct": 141.76410800031047,
      "total_direction_correct": 96,
      "avg_error_pct": 0.5810004426242232,
      "directional_accuracy": 39.34426229508197
    }
  }
}