{
  "neutral_low_volatility": {
    "ensemble": {
      "total_predictions": 352,
      "total_error_pct": 281.33164937461174,
      "total_direction_correct": 143,
      "avg_error_pct": 0.7992376402687834,
      "directional_accuracy": 40.625
    },
    "linear": {
      "total_predictions": 352,
      "total_error_pct": 258.4186646638604,
      "total_direction_correct": 165,
      "avg_error_pct": 0.7341439337041489,
      "directional_accuracy": 46.875
    },
    "polynomial": {
      "total_predictions": 352,
      "total_error_pct": 496.3420782774285,
      "total_direction_correct": 149,
      "avg_error_pct": 1.4100627223790583,
      "directional_accuracy": 42.32954545454545
    },
    "random_forest": {
      "total_predictions": 352,
      "total_error_pct": 218.95292724606284,
      "total_direction_correct": 136,
      "avg_error_pct": 0.6220253614944967,
      "directional_accuracy": 38.63636363636363
    }
  },
  "bear_low_volatility": {
    "ensemble": {
      "total_predictions": 4,
      "total_error_pct": 7.109491409644961,
      "total_direction_correct": 4,
      "avg_error_pct": 1.7773728524112402,
      "directional_accuracy": 100.0
    },
    "linear": {
      "total_predictions": 4,
      "total_error_pct": 4.3334160106758395,
      "total_direction_correct": 3,
      "avg_error_pct": 1.0833540026689599,
      "directional_accuracy": 75.0
    },
    "polynomial": {
      "total_predictions": 4,
      "total_error_pct": 19.992853108468143,
      "total_direction_correct": 4,
      "avg_error_pct": 4.998213277117036,
      "directional_accuracy": 100.0
    },
    "random_forest": {
      "total_predictions": 4,
      "total_error_pct": 4.9991546650944745,
      "total_direction_correct": 0,
      "avg_error_pct": 1.2497886662736186,
      "directional_accuracy": 0.0
    }
  }
}