{
  "neutral_low_volatility": {
    "ensemble": {
      "total_predictions": 296,
      "total_error_pct": 218.31223662671624,
      "total_direction_correct": 123,
      "avg_error_pct": 0.7375413399551224,
      "directional_accuracy": 41.55405405405405
    },
    "linear": {
      "total_predictions": 296,
      "total_error_pct": 203.39962090285016,
      "total_direction_correct": 137,
      "avg_error_pct": 0.6871608814285478,
      "directional_accuracy": 46.28378378378378
    },
    "polynomial": {
      "total_predictions": 296,
      "total_error_pct": 401.62779641309737,
      "total_direction_correct": 129,
      "avg_error_pct": 1.3568506635577613,
      "directional_accuracy": 43.58108108108108
    },
    "random_forest": {
      "total_predictions": 296,
      "total_error_pct": 161.0569374668136,
      "total_direction_correct": 124,
      "avg_error_pct": 0.5441112752257216,
      "directional_accuracy": 41.891891891891895
    }
  }
}