{
  "neutral_low_volatility": {
    "ensemble": {
      "total_predictions": 84,
      "total_error_pct": 63.22877701081281,
      "total_direction_correct": 17,
      "avg_error_pct": 0.7527235358430097,
      "directional_accuracy": 20.238095238095237
    },
    "linear": {
      "total_predictions": 84,
      "total_error_pct": 42.45348518388408,
      "total_direction_correct": 46,
      "avg_error_pct": 0.5053986331414771,
      "directional_accuracy": 54.761904761904766
    },
    "polynomial": {
      "total_predictions": 84,
      "total_error_pct": 165.00159009051453,
      "total_direction_correct": 13,
      "avg_error_pct": 1.9643046439346967,
      "directional_accuracy": 15.476190476190476
    },
    "random_forest": {
      "total_predictions": 84,
      "total_error_pct": 35.49753491816272,
      "total_direction_correct": 24,
      "avg_error_pct": 0.42258970140669905,
      "directional_accuracy": 28.57142857142857
    }
  }
}