{
  "neutral_low_volatility": {
    "ensemble": {
      "total_predictions": 152,
      "total_error_pct": 93.81775756287735,
      "total_direction_correct": 61,
      "avg_error_pct": 0.6172220892294562,
      "directional_accuracy": 40.131578947368425
    },
    "linear": {
      "total_predictions": 152,
      "total_error_pct": 72.57625056068468,
      "total_direction_correct": 88,
      "avg_error_pct": 0.47747533263608344,
      "directional_accuracy": 57.89473684210527
    },
    "polynomial": {
      "total_predictions": 152,
      "total_error_pct": 218.48461923234728,
      "total_direction_correct": 59,
      "avg_error_pct": 1.437398810739127,
      "directional_accuracy": 38.81578947368421
    },
    "random_forest": {
      "total_predictions": 152,
      "total_error_pct": 61.46685943674503,
      "total_direction_correct": 52,
      "avg_error_pct": 0.40438723313648045,
      "directional_accuracy": 34.21052631578947
    }
  }
}