{
  "neutral_low_volatility": {
    "ensemble": {
      "total_predictions": 264,
      "total_error_pct": 206.51128429873395,
      "total_direction_correct": 114,
      "avg_error_pct": 0.7822397132527801,
      "directional_accuracy": 43.18181818181818
    },
    "linear": {
      "total_predictions": 264,
      "total_error_pct": 190.78023173410668,
      "total_direction_correct": 121,
      "avg_error_pct": 0.7226523929322223,
      "directional_accuracy": 45.83333333333333
    },
    "polynomial": {
      "total_predictions": 264,
      "total_error_pct": 386.2449513749284,
      "total_direction_correct": 119,
      "avg_error_pct": 1.463049058238365,
      "directional_accuracy": 45.07575757575758
    },
    "random_forest": {
      "total_predictions": 264,
      "total_error_pct": 151.796730732386,
      "total_direction_correct": 112,
      "avg_error_pct": 0.5749876164105531,
      "directional_accuracy": 42.42424242424242
    }
  }
}