{
  "neutral_low_volatility": {
    "ensemble": {
      "total_predictions": 404,
      "total_error_pct": 333.5753827320722,
      "total_direction_correct": 174,
      "avg_error_pct": 0.8256816404259214,
      "directional_accuracy": 43.06930693069307
    },
    "linear": {
      "total_predictions": 404,
      "total_error_pct": 303.19951052290736,
      "total_direction_correct": 199,
      "avg_error_pct": 0.7504938379279885,
      "directional_accuracy": 49.257425742574256
    },
    "polynomial": {
      "total_predictions": 404,
      "total_error_pct": 584.5081488955258,
      "total_direction_correct": 174,
      "avg_error_pct": 1.4468023487513015,
      "directional_accuracy": 43.06930693069307
    },
    "random_forest": {
      "total_predictions": 404,
      "total_error_pct": 262.1377108325251,
      "total_direction_correct": 176,
      "avg_error_pct": 0.6488557198824879,
      "directional_accuracy": 43.56435643564357
    }
  },
  "bear_low_volatility": {
    "ensemble": {
      "total_predictions": 4,
      "total_error_pct": 7.109491409644961,
      "total_direction_correct": 4,
      "avg_error_pct": 1.7773728524112402,
      "directional_accuracy": 100.0
    },
    "linear": {
      "total_predictions": 4,
      "total_error_pct": 4.3334160106758395,
      "total_direction_correct": 3,
      "avg_error_pct": 1.0833540026689599,
      "directional_accuracy": 75.0
    },
    "polynomial": {
      "total_predictions": 4,
      "total_error_pct": 19.992853108468143,
      "total_direction_correct": 4,
      "avg_error_pct": 4.998213277117036,
      "directional_accuracy": 100.0
    },
    "random_forest": {
      "total_predictions": 4,
      "total_error_pct": 4.9991546650944745,
      "total_direction_correct": 0,
      "avg_error_pct": 1.2497886662736186,
      "directional_accuracy": 0.0
    }
  },
  "bull_low_volatility": {
    "ensemble": {
      "total_predictions": 4,
      "total_error_pct": 26.52449913214216,
      "total_direction_correct": 0,
      "avg_error_pct": 6.63112478303554,
      "directional_accuracy": 0.0
    },
    "linear": {
      "total_predictions": 4,
      "total_error_pct": 21.537687906652526,
      "total_direction_correct": 0,
      "avg_error_pct": 5.384421976663131,
      "directional_accuracy": 0.0
    },
    "polynomial": {
      "total_predictions": 4,
      "total_error_pct": 51.870451017709634,
      "total_direction_correct": 0,
      "avg_error_pct": 12.967612754427408,
      "directional_accuracy": 0.0
    },
    "random_forest": {
      "total_predictions": 4,
      "total_error_pct": 6.165358472064388,
      "total_direction_correct": 4,
      "avg_error_pct": 1.541339618016097,
      "directional_accuracy": 100.0
    }
  }
}