{
  "neutral_low_volatility": {
    "ensemble": {
      "total_predictions": 312,
      "total_error_pct": 233.37566227412944,
      "total_direction_correct": 131,
      "avg_error_pct": 0.7479989175452867,
      "directional_accuracy": 41.98717948717949
    },
    "linear": {
      "total_predictions": 312,
      "total_error_pct": 220.85479449856825,
      "total_direction_correct": 141,
      "avg_error_pct": 0.7078679310851547,
      "directional_accuracy": 45.19230769230769
    },
    "polynomial": {
      "total_predictions": 312,
      "total_error_pct": 417.57008172847134,
      "total_direction_correct": 137,
      "avg_error_pct": 1.3383656465656133,
      "directional_accuracy": 43.91025641025641
    },
    "random_forest": {
      "total_predictions": 312,
      "total_error_pct": 178.27797330969557,
      "total_direction_correct": 128,
      "avg_error_pct": 0.5714037606079986,
      "directional_accuracy": 41.02564102564102
    }
  },
  "bear_low_volatility": {
    "ensemble": {
      "total_predictions": 4,
      "total_error_pct": 7.109491409644961,
      "total_direction_correct": 4,
      "avg_error_pct": 1.7773728524112402,
      "directional_accuracy": 100.0
    },
    "linear": {
      "total_predictions": 4,
      "total_error_pct": 4.3334160106758395,
      "total_direction_correct": 3,
      "avg_error_pct": 1.0833540026689599,
      "directional_accuracy": 75.0
    },
    "polynomial": {
      "total_predictions": 4,
      "total_error_pct": 19.992853108468143,
      "total_direction_correct": 4,
      "avg_error_pct": 4.998213277117036,
      "directional_accuracy": 100.0
    },
    "random_forest": {
      "total_predictions": 4,
      "total_error_pct": 4.9991546650944745,
      "total_direction_correct": 0,
      "avg_error_pct": 1.2497886662736186,
      "directional_accuracy": 0.0
    }
  }
}