{
  "neutral_low_volatility": {
    "ensemble": {
      "total_predictions": 68,
      "total_error_pct": 51.96408148436688,
      "total_direction_correct": 15,
      "avg_error_pct": 0.7641776688877482,
      "directional_accuracy": 22.058823529411764
    },
    "linear": {
      "total_predictions": 68,
      "total_error_pct": 33.401243669190606,
      "total_direction_correct": 43,
      "avg_error_pct": 0.49119475984103833,
      "directional_accuracy": 63.23529411764706
    },
    "polynomial": {
      "total_predictions": 68,
      "total_error_pct": 142.77272675155146,
      "total_direction_correct": 10,
      "avg_error_pct": 2.0995989228169334,
      "directional_accuracy": 14.705882352941178
    },
    "random_forest": {
      "total_predictions": 68,
      "total_error_pct": 28.41007628287141,
      "total_direction_correct": 12,
      "avg_error_pct": 0.41779523945399133,
      "directional_accuracy": 17.647058823529413
    }
  }
}