{
  "neutral_low_volatility": {
    "ensemble": {
      "total_predictions": 300,
      "total_error_pct": 219.6750276504032,
      "total_direction_correct": 123,
      "avg_error_pct": 0.7322500921680106,
      "directional_accuracy": 41.0
    },
    "linear": {
      "total_predictions": 300,
      "total_error_pct": 204.82345701246098,
      "total_direction_correct": 137,
      "avg_error_pct": 0.6827448567082033,
      "directional_accuracy": 45.666666666666664
    },
    "polynomial": {
      "total_predictions": 300,
      "total_error_pct": 403.1499484047719,
      "total_direction_correct": 129,
      "avg_error_pct": 1.3438331613492398,
      "directional_accuracy": 43.0
    },
    "random_forest": {
      "total_predictions": 300,
      "total_error_pct": 162.22388694006602,
      "total_direction_correct": 124,
      "avg_error_pct": 0.5407462898002201,
      "directional_accuracy": 41.333333333333336
    }
  }
}