{
  "neutral_low_volatility": {
    "ensemble": {
      "total_predictions": 304,
      "total_error_pct": 220.9283785266217,
      "total_direction_correct": 127,
      "avg_error_pct": 0.7267380872586241,
      "directional_accuracy": 41.776315789473685
    },
    "linear": {
      "total_predictions": 304,
      "total_error_pct": 206.95407229015944,
      "total_direction_correct": 137,
      "avg_error_pct": 0.6807699746386824,
      "directional_accuracy": 45.06578947368421
    },
    "polynomial": {
      "total_predictions": 304,
      "total_error_pct": 407.0743312032643,
      "total_direction_correct": 133,
      "avg_error_pct": 1.339060300010738,
      "directional_accuracy": 43.75
    },
    "random_forest": {
      "total_predictions": 304,
      "total_error_pct": 163.9252883023245,
      "total_direction_correct": 128,
      "avg_error_pct": 0.5392279220471201,
      "directional_accuracy": 42.10526315789473
    }
  }
}