{
  "neutral_low_volatility": {
    "ensemble": {
      "total_predictions": 364,
      "total_error_pct": 291.23444467188256,
      "total_direction_correct": 151,
      "avg_error_pct": 0.8000946282194575,
      "directional_accuracy": 41.48351648351649
    },
    "linear": {
      "total_predictions": 364,
      "total_error_pct": 269.7861034758261,
      "total_direction_correct": 171,
      "avg_error_pct": 0.7411706139445772,
      "directional_accuracy": 46.97802197802198
    },
    "polynomial": {
      "total_predictions": 364,
      "total_error_pct": 503.682443075175,
      "total_direction_correct": 157,
      "avg_error_pct": 1.38374297548125,
      "directional_accuracy": 43.13186813186813
    },
    "random_forest": {
      "total_predictions": 364,
      "total_error_pct": 228.99614288776846,
      "total_direction_correct": 144,
      "avg_error_pct": 0.6291102826587045,
      "directional_accuracy": 39.56043956043956
    }
  },
  "bear_low_volatility": {
    "ensemble": {
      "total_predictions": 4,
      "total_error_pct": 7.109491409644961,
      "total_direction_correct": 4,
      "avg_error_pct": 1.7773728524112402,
      "directional_accuracy": 100.0
    },
    "linear": {
      "total_predictions": 4,
      "total_error_pct": 4.3334160106758395,
      "total_direction_correct": 3,
      "avg_error_pct": 1.0833540026689599,
      "directional_accuracy": 75.0
    },
    "polynomial": {
      "total_predictions": 4,
      "total_error_pct": 19.992853108468143,
      "total_direction_correct": 4,
      "avg_error_pct": 4.998213277117036,
      "directional_accuracy": 100.0
    },
    "random_forest": {
      "total_predictions": 4,
      "total_error_pct": 4.9991546650944745,
      "total_direction_correct": 0,
      "avg_error_pct": 1.2497886662736186,
      "directional_accuracy": 0.0
    }
  }
}