{
  "neutral_low_volatility": {
    "ensemble": {
      "total_predictions": 180,
      "total_error_pct": 115.23254883224143,
      "total_direction_correct": 75,
      "avg_error_pct": 0.6401808268457857,
      "directional_accuracy": 41.66666666666667
    },
    "linear": {
      "total_predictions": 180,
      "total_error_pct": 96.57417209276853,
      "total_direction_correct": 96,
      "avg_error_pct": 0.5365231782931585,
      "directional_accuracy": 53.333333333333336
    },
    "polynomial": {
      "total_predictions": 180,
      "total_error_pct": 248.842777318238,
      "total_direction_correct": 75,
      "avg_error_pct": 1.3824598739902112,
      "directional_accuracy": 41.66666666666667
    },
    "random_forest": {
      "total_predictions": 180,
      "total_error_pct": 78.82309186951626,
      "total_direction_correct": 68,
      "avg_error_pct": 0.437906065941757,
      "directional_accuracy": 37.77777777777778
    }
  }
}