{
  "neutral_low_volatility": {
    "ensemble": {
      "total_predictions": 412,
      "total_error_pct": 339.2505945042925,
      "total_direction_correct": 178,
      "avg_error_pct": 0.8234237730686711,
      "directional_accuracy": 43.203883495145625
    },
    "linear": {
      "total_predictions": 412,
      "total_error_pct": 305.8384335179597,
      "total_direction_correct": 207,
      "avg_error_pct": 0.742326294946504,
      "directional_accuracy": 50.24271844660194
    },
    "polynomial": {
      "total_predictions": 412,
      "total_error_pct": 595.4749533523933,
      "total_direction_correct": 176,
      "avg_error_pct": 1.4453275566805663,
      "directional_accuracy": 42.71844660194174
    },
    "random_forest": {
      "total_predictions": 412,
      "total_error_pct": 267.2072239219411,
      "total_direction_correct": 184,
      "avg_error_pct": 0.6485612231115074,
      "directional_accuracy": 44.66019417475729
    }
  },
  "bear_low_volatility": {
    "ensemble": {
      "total_predictions": 4,
      "total_error_pct": 7.109491409644961,
      "total_direction_correct": 4,
      "avg_error_pct": 1.7773728524112402,
      "directional_accuracy": 100.0
    },
    "linear": {
      "total_predictions": 4,
      "total_error_pct": 4.3334160106758395,
      "total_direction_correct": 3,
      "avg_error_pct": 1.0833540026689599,
      "directional_accuracy": 75.0
    },
    "polynomial": {
      "total_predictions": 4,
      "total_error_pct": 19.992853108468143,
      "total_direction_correct": 4,
      "avg_error_pct": 4.998213277117036,
      "directional_accuracy": 100.0
    },
    "random_forest": {
      "total_predictions": 4,
      "total_error_pct": 4.9991546650944745,
      "total_direction_correct": 0,
      "avg_error_pct": 1.2497886662736186,
      "directional_accuracy": 0.0
    }
  },
  "bull_low_volatility": {
    "ensemble": {
      "total_predictions": 4,
      "total_error_pct": 26.52449913214216,
      "total_direction_correct": 0,
      "avg_error_pct": 6.63112478303554,
      "directional_accuracy": 0.0
    },
    "linear": {
      "total_predictions": 4,
      "total_error_pct": 21.537687906652526,
      "total_direction_correct": 0,
      "avg_error_pct": 5.384421976663131,
      "directional_accuracy": 0.0
    },
    "polynomial": {
      "total_predictions": 4,
      "total_error_pct": 51.870451017709634,
      "total_direction_correct": 0,
      "avg_error_pct": 12.967612754427408,
      "directional_accuracy": 0.0
    },
    "random_forest": {
      "total_predictions": 4,
      "total_error_pct": 6.165358472064388,
      "total_direction_correct": 4,
      "avg_error_pct": 1.541339618016097,
      "directional_accuracy": 100.0
    }
  }
}