{
  "neutral_low_volatility": {
    "ensemble": {
      "total_predictions": 280,
      "total_error_pct": 213.52434154188316,
      "total_direction_correct": 120,
      "avg_error_pct": 0.7625869340781541,
      "directional_accuracy": 42.857142857142854
    },
    "linear": {
      "total_predictions": 280,
      "total_error_pct": 197.20841898544225,
      "total_direction_correct": 131,
      "avg_error_pct": 0.7043157820908652,
      "directional_accuracy": 46.785714285714285
    },
    "polynomial": {
      "total_predictions": 280,
      "total_error_pct": 396.2883050060245,
      "total_direction_correct": 124,
      "avg_error_pct": 1.415315375021516,
      "directional_accuracy": 44.285714285714285
    },
    "random_forest": {
      "total_predictions": 280,
      "total_error_pct": 157.37956446724266,
      "total_direction_correct": 120,
      "avg_error_pct": 0.5620698730972952,
      "directional_accuracy": 42.857142857142854
    }
  }
}