{
  "neutral_low_volatility": {
    "ensemble": {
      "total_predictions": 256,
      "total_error_pct": 203.4275158586156,
      "total_direction_correct": 107,
      "avg_error_pct": 0.7946387338227172,
      "directional_accuracy": 41.796875
    },
    "linear": {
      "total_predictions": 256,
      "total_error_pct": 185.2199059778508,
      "total_direction_correct": 121,
      "avg_error_pct": 0.7235152577259797,
      "directional_accuracy": 47.265625
    },
    "polynomial": {
      "total_predictions": 256,
      "total_error_pct": 381.53930225987625,
      "total_direction_correct": 111,
      "avg_error_pct": 1.4903878994526416,
      "directional_accuracy": 43.359375
    },
    "random_forest": {
      "total_predictions": 256,
      "total_error_pct": 148.86967416789335,
      "total_direction_correct": 104,
      "avg_error_pct": 0.5815221647183334,
      "directional_accuracy": 40.625
    }
  }
}