{
  "neutral_low_volatility": {
    "ensemble": {
      "total_predictions": 60,
      "total_error_pct": 48.05084713548342,
      "total_direction_correct": 13,
      "avg_error_pct": 0.8008474522580571,
      "directional_accuracy": 21.666666666666668
    },
    "linear": {
      "total_predictions": 60,
      "total_error_pct": 29.407126153429584,
      "total_direction_correct": 39,
      "avg_error_pct": 0.4901187692238264,
      "directional_accuracy": 65.0
    },
    "polynomial": {
      "total_predictions": 60,
      "total_error_pct": 136.60982198115283,
      "total_direction_correct": 8,
      "avg_error_pct": 2.2768303663525473,
      "directional_accuracy": 13.333333333333334
    },
    "random_forest": {
      "total_predictions": 60,
      "total_error_pct": 26.43924339692894,
      "total_direction_correct": 8,
      "avg_error_pct": 0.44065405661548235,
      "directional_accuracy": 13.333333333333334
    }
  }
}