{
  "neutral_low_volatility": {
    "ensemble": {
      "total_predictions": 72,
      "total_error_pct": 54.47379503270084,
      "total_direction_correct": 15,
      "avg_error_pct": 0.7565804865652894,
      "directional_accuracy": 20.833333333333336
    },
    "linear": {
      "total_predictions": 72,
      "total_error_pct": 34.84545545454997,
      "total_direction_correct": 43,
      "avg_error_pct": 0.4839646590909718,
      "directional_accuracy": 59.72222222222222
    },
    "polynomial": {
      "total_predictions": 72,
      "total_error_pct": 149.50184856370788,
      "total_direction_correct": 10,
      "avg_error_pct": 2.076414563384832,
      "directional_accuracy": 13.88888888888889
    },
    "random_forest": {
      "total_predictions": 72,
      "total_error_pct": 28.773952179481054,
      "total_direction_correct": 16,
      "avg_error_pct": 0.39963822471501464,
      "directional_accuracy": 22.22222222222222
    }
  }
}