{
  "neutral_low_volatility": {
    "ensemble": {
      "total_predictions": 388,
      "total_error_pct": 320.18353025762724,
      "total_direction_correct": 166,
      "avg_error_pct": 0.8252152841691424,
      "directional_accuracy": 42.78350515463917
    },
    "linear": {
      "total_predictions": 388,
      "total_error_pct": 291.4537966213537,
      "total_direction_correct": 190,
      "avg_error_pct": 0.7511695789210148,
      "directional_accuracy": 48.96907216494845
    },
    "polynomial": {
      "total_predictions": 388,
      "total_error_pct": 549.3938920312368,
      "total_direction_correct": 166,
      "avg_error_pct": 1.4159636392557648,
      "directional_accuracy": 42.78350515463917
    },
    "random_forest": {
      "total_predictions": 388,
      "total_error_pct": 254.09954946867234,
      "total_direction_correct": 164,
      "avg_error_pct": 0.6548957460532793,
      "directional_accuracy": 42.2680412371134
    }
  },
  "bear_low_volatility": {
    "ensemble": {
      "total_predictions": 4,
      "total_error_pct": 7.109491409644961,
      "total_direction_correct": 4,
      "avg_error_pct": 1.7773728524112402,
      "directional_accuracy": 100.0
    },
    "linear": {
      "total_predictions": 4,
      "total_error_pct": 4.3334160106758395,
      "total_direction_correct": 3,
      "avg_error_pct": 1.0833540026689599,
      "directional_accuracy": 75.0
    },
    "polynomial": {
      "total_predictions": 4,
      "total_error_pct": 19.992853108468143,
      "total_direction_correct": 4,
      "avg_error_pct": 4.998213277117036,
      "directional_accuracy": 100.0
    },
    "random_forest": {
      "total_predictions": 4,
      "total_error_pct": 4.9991546650944745,
      "total_direction_correct": 0,
      "avg_error_pct": 1.2497886662736186,
      "directional_accuracy": 0.0
    }
  },
  "bull_low_volatility": {
    "ensemble": {
      "total_predictions": 4,
      "total_error_pct": 26.52449913214216,
      "total_direction_correct": 0,
      "avg_error_pct": 6.63112478303554,
      "directional_accuracy": 0.0
    },
    "linear": {
      "total_predictions": 4,
      "total_error_pct": 21.537687906652526,
      "total_direction_correct": 0,
      "avg_error_pct": 5.384421976663131,
      "directional_accuracy": 0.0
    },
    "polynomial": {
      "total_predictions": 4,
      "total_error_pct": 51.870451017709634,
      "total_direction_correct": 0,
      "avg_error_pct": 12.967612754427408,
      "directional_accuracy": 0.0
    },
    "random_forest": {
      "total_predictions": 4,
      "total_error_pct": 6.165358472064388,
      "total_direction_correct": 4,
      "avg_error_pct": 1.541339618016097,
      "directional_accuracy": 100.0
    }
  }
}