{
  "neutral_low_volatility": {
    "ensemble": {
      "total_predictions": 164,
      "total_error_pct": 103.54753548664235,
      "total_direction_correct": 64,
      "avg_error_pct": 0.6313874115039168,
      "directional_accuracy": 39.02439024390244
    },
    "linear": {
      "total_predictions": 164,
      "total_error_pct": 82.21778602335391,
      "total_direction_correct": 92,
      "avg_error_pct": 0.501327963557036,
      "directional_accuracy": 56.09756097560976
    },
    "polynomial": {
      "total_predictions": 164,
      "total_error_pct": 234.4636733640249,
      "total_direction_correct": 63,
      "avg_error_pct": 1.4296565449025909,
      "directional_accuracy": 38.41463414634146
    },
    "random_forest": {
      "total_predictions": 164,
      "total_error_pct": 67.11150045161715,
      "total_direction_correct": 60,
      "avg_error_pct": 0.40921646616839724,
      "directional_accuracy": 36.58536585365854
    }
  }
}