{
  "neutral_low_volatility": {
    "ensemble": {
      "total_predictions": 396,
      "total_error_pct": 327.0069348363567,
      "total_direction_correct": 170,
      "avg_error_pct": 0.8257750879705977,
      "directional_accuracy": 42.92929292929293
    },
    "linear": {
      "total_predictions": 396,
      "total_error_pct": 297.1542875555943,
      "total_direction_correct": 194,
      "avg_error_pct": 0.7503896150393795,
      "directional_accuracy": 48.98989898989899
    },
    "polynomial": {
      "total_predictions": 396,
      "total_error_pct": 576.7632132868391,
      "total_direction_correct": 170,
      "avg_error_pct": 1.4564727608253514,
      "directional_accuracy": 42.92929292929293
    },
    "random_forest": {
      "total_predictions": 396,
      "total_error_pct": 256.0167898720163,
      "total_direction_correct": 172,
      "avg_error_pct": 0.6465070451313544,
      "directional_accuracy": 43.43434343434344
    }
  },
  "bear_low_volatility": {
    "ensemble": {
      "total_predictions": 4,
      "total_error_pct": 7.109491409644961,
      "total_direction_correct": 4,
      "avg_error_pct": 1.7773728524112402,
      "directional_accuracy": 100.0
    },
    "linear": {
      "total_predictions": 4,
      "total_error_pct": 4.3334160106758395,
      "total_direction_correct": 3,
      "avg_error_pct": 1.0833540026689599,
      "directional_accuracy": 75.0
    },
    "polynomial": {
      "total_predictions": 4,
      "total_error_pct": 19.992853108468143,
      "total_direction_correct": 4,
      "avg_error_pct": 4.998213277117036,
      "directional_accuracy": 100.0
    },
    "random_forest": {
      "total_predictions": 4,
      "total_error_pct": 4.9991546650944745,
      "total_direction_correct": 0,
      "avg_error_pct": 1.2497886662736186,
      "directional_accuracy": 0.0
    }
  },
  "bull_low_volatility": {
    "ensemble": {
      "total_predictions": 4,
      "total_error_pct": 26.52449913214216,
      "total_direction_correct": 0,
      "avg_error_pct": 6.63112478303554,
      "directional_accuracy": 0.0
    },
    "linear": {
      "total_predictions": 4,
      "total_error_pct": 21.537687906652526,
      "total_direction_correct": 0,
      "avg_error_pct": 5.384421976663131,
      "directional_accuracy": 0.0
    },
    "polynomial": {
      "total_predictions": 4,
      "total_error_pct": 51.870451017709634,
      "total_direction_correct": 0,
      "avg_error_pct": 12.967612754427408,
      "directional_accuracy": 0.0
    },
    "random_forest": {
      "total_predictions": 4,
      "total_error_pct": 6.165358472064388,
      "total_direction_correct": 4,
      "avg_error_pct": 1.541339618016097,
      "directional_accuracy": 100.0
    }
  }
}