{
  "neutral_low_volatility": {
    "ensemble": {
      "total_predictions": 144,
      "total_error_pct": 89.99194444598501,
      "total_direction_correct": 53,
      "avg_error_pct": 0.6249440586526737,
      "directional_accuracy": 36.80555555555556
    },
    "linear": {
      "total_predictions": 144,
      "total_error_pct": 69.09239365191682,
      "total_direction_correct": 81,
      "avg_error_pct": 0.47980828924942237,
      "directional_accuracy": 56.25
    },
    "polynomial": {
      "total_predictions": 144,
      "total_error_pct": 208.91615101341554,
      "total_direction_correct": 51,
      "avg_error_pct": 1.4508066042598302,
      "directional_accuracy": 35.41666666666667
    },
    "random_forest": {
      "total_predictions": 144,
      "total_error_pct": 56.498184872797104,
      "total_direction_correct": 48,
      "avg_error_pct": 0.392348506061091,
      "directional_accuracy": 33.33333333333333
    }
  }
}