{
  "neutral_low_volatility": {
    "ensemble": {
      "total_predictions": 248,
      "total_error_pct": 191.69645861645503,
      "total_direction_correct": 107,
      "avg_error_pct": 0.7729695911953832,
      "directional_accuracy": 43.145161290322584
    },
    "linear": {
      "total_predictions": 248,
      "total_error_pct": 175.6066856312233,
      "total_direction_correct": 120,
      "avg_error_pct": 0.7080914743194489,
      "directional_accuracy": 48.38709677419355
    },
    "polynomial": {
      "total_predictions": 248,
      "total_error_pct": 359.9375923132548,
      "total_direction_correct": 111,
      "avg_error_pct": 1.4513612593276404,
      "directional_accuracy": 44.75806451612903
    },
    "random_forest": {
      "total_predictions": 248,
      "total_error_pct": 142.7969813024503,
      "total_direction_correct": 96,
      "avg_error_pct": 0.5757942794453641,
      "directional_accuracy": 38.70967741935484
    }
  }
}