{
  "neutral_low_volatility": {
    "ensemble": {
      "total_predictions": 324,
      "total_error_pct": 236.03655269920102,
      "total_direction_correct": 135,
      "avg_error_pct": 0.7285078787012377,
      "directional_accuracy": 41.66666666666667
    },
    "linear": {
      "total_predictions": 324,
      "total_error_pct": 224.50660061664811,
      "total_direction_correct": 148,
      "avg_error_pct": 0.6929216068415065,
      "directional_accuracy": 45.67901234567901
    },
    "polynomial": {
      "total_predictions": 324,
      "total_error_pct": 421.9590843503836,
      "total_direction_correct": 143,
      "avg_error_pct": 1.3023428529332828,
      "directional_accuracy": 44.135802469135804
    },
    "random_forest": {
      "total_predictions": 324,
      "total_error_pct": 181.0386722955839,
      "total_direction_correct": 128,
      "avg_error_pct": 0.5587613342456293,
      "directional_accuracy": 39.50617283950617
    }
  },
  "bear_low_volatility": {
    "ensemble": {
      "total_predictions": 4,
      "total_error_pct": 7.109491409644961,
      "total_direction_correct": 4,
      "avg_error_pct": 1.7773728524112402,
      "directional_accuracy": 100.0
    },
    "linear": {
      "total_predictions": 4,
      "total_error_pct": 4.3334160106758395,
      "total_direction_correct": 3,
      "avg_error_pct": 1.0833540026689599,
      "directional_accuracy": 75.0
    },
    "polynomial": {
      "total_predictions": 4,
      "total_error_pct": 19.992853108468143,
      "total_direction_correct": 4,
      "avg_error_pct": 4.998213277117036,
      "directional_accuracy": 100.0
    },
    "random_forest": {
      "total_predictions": 4,
      "total_error_pct": 4.9991546650944745,
      "total_direction_correct": 0,
      "avg_error_pct": 1.2497886662736186,
      "directional_accuracy": 0.0
    }
  }
}