{
  "neutral_low_volatility": {
    "ensemble": {
      "total_predictions": 444,
      "total_error_pct": 348.56440134417556,
      "total_direction_correct": 204,
      "avg_error_pct": 0.7850549579823773,
      "directional_accuracy": 45.94594594594595
    },
    "linear": {
      "total_predictions": 444,
      "total_error_pct": 319.1811813421094,
      "total_direction_correct": 219,
      "avg_error_pct": 0.7188765345543006,
      "directional_accuracy": 49.32432432432432
    },
    "polynomial": {
      "total_predictions": 444,
      "total_error_pct": 610.8724153214175,
      "total_direction_correct": 203,
      "avg_error_pct": 1.3758387732464359,
      "directional_accuracy": 45.72072072072072
    },
    "random_forest": {
      "total_predictions": 444,
      "total_error_pct": 272.89041715709556,
      "total_direction_correct": 200,
      "avg_error_pct": 0.6146180566601251,
      "directional_accuracy": 45.04504504504504
    }
  },
  "bear_low_volatility": {
    "ensemble": {
      "total_predictions": 4,
      "total_error_pct": 7.109491409644961,
      "total_direction_correct": 4,
      "avg_error_pct": 1.7773728524112402,
      "directional_accuracy": 100.0
    },
    "linear": {
      "total_predictions": 4,
      "total_error_pct": 4.3334160106758395,
      "total_direction_correct": 3,
      "avg_error_pct": 1.0833540026689599,
      "directional_accuracy": 75.0
    },
    "polynomial": {
      "total_predictions": 4,
      "total_error_pct": 19.992853108468143,
      "total_direction_correct": 4,
      "avg_error_pct": 4.998213277117036,
      "directional_accuracy": 100.0
    },
    "random_forest": {
      "total_predictions": 4,
      "total_error_pct": 4.9991546650944745,
      "total_direction_correct": 0,
      "avg_error_pct": 1.2497886662736186,
      "directional_accuracy": 0.0
    }
  },
  "bull_low_volatility": {
    "ensemble": {
      "total_predictions": 8,
      "total_error_pct": 33.8649401197426,
      "total_direction_correct": 0,
      "avg_error_pct": 4.233117514967825,
      "directional_accuracy": 0.0
    },
    "linear": {
      "total_predictions": 8,
      "total_error_pct": 23.590537067109345,
      "total_direction_correct": 2,
      "avg_error_pct": 2.948817133388668,
      "directional_accuracy": 25.0
    },
    "polynomial": {
      "total_predictions": 8,
      "total_error_pct": 71.60668904494001,
      "total_direction_correct": 0,
      "avg_error_pct": 8.950836130617501,
      "directional_accuracy": 0.0
    },
    "random_forest": {
      "total_predictions": 8,
      "total_error_pct": 6.693267700219569,
      "total_direction_correct": 8,
      "avg_error_pct": 0.8366584625274461,
      "directional_accuracy": 100.0
    }
  }
}