{
  "neutral_low_volatility": {
    "ensemble": {
      "total_predictions": 424,
      "total_error_pct": 344.0831908953483,
      "total_direction_correct": 190,
      "avg_error_pct": 0.8115169596588403,
      "directional_accuracy": 44.81132075471698
    },
    "linear": {
      "total_predictions": 424,
      "total_error_pct": 314.1373156117036,
      "total_direction_correct": 211,
      "avg_error_pct": 0.7408898953106218,
      "directional_accuracy": 49.764150943396224
    },
    "polynomial": {
      "total_predictions": 424,
      "total_error_pct": 601.6322398434094,
      "total_direction_correct": 188,
      "avg_error_pct": 1.4189439618948334,
      "directional_accuracy": 44.339622641509436
    },
    "random_forest": {
      "total_predictions": 424,
      "total_error_pct": 269.90593418711984,
      "total_direction_correct": 192,
      "avg_error_pct": 0.6365705994979242,
      "directional_accuracy": 45.28301886792453
    }
  },
  "bear_low_volatility": {
    "ensemble": {
      "total_predictions": 4,
      "total_error_pct": 7.109491409644961,
      "total_direction_correct": 4,
      "avg_error_pct": 1.7773728524112402,
      "directional_accuracy": 100.0
    },
    "linear": {
      "total_predictions": 4,
      "total_error_pct": 4.3334160106758395,
      "total_direction_correct": 3,
      "avg_error_pct": 1.0833540026689599,
      "directional_accuracy": 75.0
    },
    "polynomial": {
      "total_predictions": 4,
      "total_error_pct": 19.992853108468143,
      "total_direction_correct": 4,
      "avg_error_pct": 4.998213277117036,
      "directional_accuracy": 100.0
    },
    "random_forest": {
      "total_predictions": 4,
      "total_error_pct": 4.9991546650944745,
      "total_direction_correct": 0,
      "avg_error_pct": 1.2497886662736186,
      "directional_accuracy": 0.0
    }
  },
  "bull_low_volatility": {
    "ensemble": {
      "total_predictions": 8,
      "total_error_pct": 33.8649401197426,
      "total_direction_correct": 0,
      "avg_error_pct": 4.233117514967825,
      "directional_accuracy": 0.0
    },
    "linear": {
      "total_predictions": 8,
      "total_error_pct": 23.590537067109345,
      "total_direction_correct": 2,
      "avg_error_pct": 2.948817133388668,
      "directional_accuracy": 25.0
    },
    "polynomial": {
      "total_predictions": 8,
      "total_error_pct": 71.60668904494001,
      "total_direction_correct": 0,
      "avg_error_pct": 8.950836130617501,
      "directional_accuracy": 0.0
    },
    "random_forest": {
      "total_predictions": 8,
      "total_error_pct": 6.693267700219569,
      "total_direction_correct": 8,
      "avg_error_pct": 0.8366584625274461,
      "directional_accuracy": 100.0
    }
  }
}