{
  "neutral_low_volatility": {
    "ensemble": {
      "total_predictions": 216,
      "total_error_pct": 168.23910087018396,
      "total_direction_correct": 88,
      "avg_error_pct": 0.7788847262508517,
      "directional_accuracy": 40.74074074074074
    },
    "linear": {
      "total_predictions": 216,
      "total_error_pct": 151.54897529361347,
      "total_direction_correct": 104,
      "avg_error_pct": 0.7016156263593216,
      "directional_accuracy": 48.148148148148145
    },
    "polynomial": {
      "total_predictions": 216,
      "total_error_pct": 325.20208232490455,
      "total_direction_correct": 91,
      "avg_error_pct": 1.5055651959486323,
      "directional_accuracy": 42.129629629629626
    },
    "random_forest": {
      "total_predictions": 216,
      "total_error_pct": 121.36806967417763,
      "total_direction_correct": 80,
      "avg_error_pct": 0.5618892114545261,
      "directional_accuracy": 37.03703703703704
    }
  }
}